name,price
Gritin 9 LED Rechargeable Book Light for Reading in Bed - Eye Caring 3 Color,$29.93
"Book Lovers Gifts for Women, Christmas Ornaments - Book Decor, Christmas, Birthd",$19.95
"Book Lovers Gifts for Women, Christmas Ornaments - Book Decor, Christmas, Birthd",$19.95
"Perfect Weight America by Jordan Rubin (2007, Hardcover)",$139.98
"The Book of Forbidden Knowledge: Black Magic, Superstition, Charms, and Div...",$8.83
"Where the Crawdads Sing - Hardcover By Owens, Delia - GOOD",$3.99
"Read People Like a Book: How to Analyze, Understand, and Predict People's...",$9.96
"The Little Liar : A Novel by Mitch Albom (2023, Hardcover)",$18.25
THE BOOK of ENOCH. the COMPLETE COLLECTION.: Translated with Commentary by R.H.,$8.99
Библия. Книги Священного Писания Ветхого и Нового Завета Bible Book in Russian,$109.95
Mordenkainen Presents: Monsters of the Multiverse (Dungeons & Dragons Book),$26.53
Поллианна Портер Kids Book in Russian,$18.95
Lot of 10 Mystery Suspense Thriller Crime Murder Detective Hardcover HB MIX Book,$24.99
"Enough by Cassidy Hutchinson (2023, Hardcover / Hardcover)",$18.99
Star Wars Dark Legends & Star Wars Myths and Fables 2 Book set,$29.99
"USA ST.set of 4 book (GLOSSY COVER) by Elsie Silver-Flawless, powerless, reckles",$30.40
Harry Potter And The Goblet Of Fire (Book 4) - Hardcover By J.K. Rowling - GOOD,$4.56
"usa stock (big) The 48 Laws of Power by Robert Greene Paperback, Free shipping",$13.30
"Friends, Lovers, and the Big Terrible Thing: A Memoir by Matthew Perry: Used",$25.47
"I Spy Little Christmas - Board book By Marzollo, Jean - GOOD",$3.66
Funny Skull Christmas Acrylic Ornament,$19.95
Miracle Eyebrows for a Perfect Groomed Look,$17.00
Digital book. Standard Catalog of United States Tokens 1700-1900 3th Edition//,$1.79
"F4F Wildcat (Inc GM, FM-1 & FM-2): Complete Guide to First ""Cat"" (Valiant Wings)",$30.95
"The Very Hungry Caterpillar's Christmas 123 - Board book By Carle, Eric - GOOD",$3.76
"5,000 Awesome Facts (About Everything!) (National Geographic Kids) - GOOD",$4.24
Goosebumps (RL Stine) ~ 1990s Series ~BUILD YOUR OWN LOT ~ Buy More & Save $$!,$1.89 to $15.49
"You 2 by Price Pritchett (English, Paperback) Brand New Book USA ITEMS",$8.55
"Lessons in Chemistry: The No. 1 Sunday... by Garmus, Bonnie Paperback / softback",$7.53
The Book Woman of Troublesome Creek: A Novel - Paperback - GOOD,$4.89
Harry Potter and the Deathly Hallows (Book 7) - Hardcover - GOOD,$4.48
"Twisted Special Edition Series Collection Set ( Love,Twisted,Hate,Lies) 4 books.",$27.55
The Four Agreements: A Practical Guide to Personal Freedom (A Toltec Wisdom...,$5.42
"Verity - Paperback By Hoover, Colleen - GOOD",$5.31
Lessons in Chemistry by Bonnie Garmus 2023 Paperback NEW,$11.64
"The Little Liar : A Novel by Mitch Albom (2023, Hardcover)",$18.25
"Roman Republican moneyers and their coins, 63 B.C.-49 B.C Digital Book",$0.99
Jay-Z The Book Of Hov Exhibition Book Guide - Limited -GREAT CONDITION VERY RARE,$12.00
Digital book. Standard Catalog of World Coins. 2001-Date 13th Edition/,$1.79
The CONCISE 48 Laws of Power by Robert Greene NEW Paperback (SHORT VERSION)!!!!!,$9.41
The Big Book of Silly Jokes for Kids: 800+ Jokes! - Paperback - GOOD,$3.92
The Great Disappearance: 31 Ways to be Rapture Ready - Hardcover,$26.44
"Old Possum's Book of Practical Cats by Eliot, T. S.; Gorey, Edward",$4.58
"The Getaway (Diary of a Wimpy Kid Book 12) - Hardcover By Kinney, Jeff - GOOD",$3.76
To Understand Buddhism,$0.99
The Hunger Games 10th Anniversary Edition Set (3 Books) by Suzanne Collins,$25.00
GOLO Recipe Book Vol 1 (Official Seller),$19.95
"Red Queen - Paperback By Aveyard, Victoria - GOOD",$3.76
KJV Holy Bible King James Version Giant Print Dark Brown Thumb Index Old & New T,$26.90
Lord of the Flies - Mass Market Paperback By William Golding - GOOD,$3.93
"The Hat - Board book By Brett, Jan - GOOD",$3.64
The Covenant of Water (Oprah's Book Club) by Abraham Verghese,$5.00
"The Last Thing He Told Me: A Novel - Hardcover By Dave, Laura - GOOD",$3.98
"Harry Potter And The Sorcerer's Stone - Hardcover By Rowling, J.K. - GOOD",$5.99
"How to Win Friends & Influence People by Carnegie, Dale",$4.53
The Polar Express - Hardcover By Chris Van Allsburg - GOOD,$3.83
National Geographic Kids Everything Rocks and Minerals: Dazzling gems of - GOOD,$3.97
"Friends, Lovers, and the Big Terrible Thing: A Memoir HARDCOVER, 2022 by Matt...",$24.99
The Heaven & Earth Grocery Store by James McBride,$5.00
"Curious George Stories to Share - Hardcover By Rey, H. A. - GOOD",$3.98
The Meditations of Marcus Aurelius 1887 [LEATHER BOUND],$27.67
Journey of Souls: Case Studies of Life Between Lives - Paperback - GOOD,$7.61
The Heaven & Earth Grocery Store,$4.99
The Stranger by Albert Camus,$4.82
Hundred Years' War on Palestine by Rashid Khalidi,$5.00
BAND OF BROTHERS by Stephen E. Ambrose a paperback book FREE USA SHIPPING WWII,$8.47
IN TRANSIT SHIPS TO YOU QUICKLY* GEDDY LEE SIGNED BOOK MY EFFIN LIFE AUTOGRAPHED,$129.99
Books For Staging Props Decor Crafts Choose Your Exact Books Hardcover Lot of 6,$18.90
"Standard Catalog of World Paper Money, 1368-1960 16th Ed. Digital Book",$1.99
The Hearth Book PAPERBACK– 2023 by Julio Castro,$52.00
KJV Holy Bible King James Version Giant Print Dark Brown Thumb Index Old & New T,$26.90
The Stranger by Albert Camus,$4.82
The Elf on the Shelf: A Christmas Tradition (Hardcover) BOY - BOOK ONLY,$10.50
The Covenant of Water (Oprah's Book Club) by Abraham Verghese,$5.00
NEW LISTINGThe Great Disappearance: 31 Ways to be Rapture Ready by David Jeremiah,$8.99
Hundred Years' War on Palestine by Rashid Khalidi,$5.00
The Heaven & Earth Grocery Store,$4.99
Tom Lake: A Reese's Book Club Pick by Ann Patchett,$5.00
The Heaven & Earth Grocery Store by James McBride,$5.00
"Constitution of the United States and Other Patriotic Documents, Hardcover by...",$30.65
Библия. Книги Священного Писания Ветхого и Нового Завета Bible Book in Russian,$109.95
The cost of discipleship 1963 by Dietrich Bonhoeffer [LEATHER BOUND],$34.81
Marcus Aurelius Meditations (Hardback),$15.81
New 2024 Official Red Book Guide Of US Coins Price List Catalog Spiral Whitman,$16.27
$100M Leads by Alex Hormozi,$5.00
"The Psychology of Money: Timeless Lessons on Wealth, Greed, and Happiness",$10.80
Sketch Cover Ed 2023 Edition Pathfinder RPG: Player Core Rulebook Hardcover (P2),$47.99
"The 21 Irrefutable Laws of Leadership by Maxwell, John C.",$4.58
"Little Blue Truck's Springtime - Board book By Schertle, Alice - GOOD",$4.05
Book:The Dogs of Our Ancestors. A Compilation of International Essays & Articles,$125.00
"The 48 Laws of Power by Robert Greene (Paperback, 1st Edition, 2000)",$13.30
"The Hat - Board book By Brett, Jan - GOOD",$3.64
"Curious George Stories to Share - Hardcover By Rey, H. A. - GOOD",$3.98
The Seven Spiritual Laws of Success: A Practical Guide to the Fulfillment - GOOD,$3.98
Dreamland Billionaires Book Series 3 Books Combo By Lauren Asher USA ITEMS,$23.74
Digital book. Standard Catalog of German Coins. 1501-Present 3th Edition,$1.67
THE BOOK of ENOCH. the COMPLETE COLLECTION.: Translated with Commentary by R.H.,$8.99
"Standard Catalog of World Coins, 1901-2000 46th Edition Digital Book 2019",$1.99
St. Joseph Sunday Missal Prayerbook and Hymnal for 2024 (Paperback),$9.69
"Educated: A Memoir - Hardcover By Westover, Tara - VERY GOOD",$3.98
The Gifts of Imperfection: Let Go of Who You Think You're Supposed to Be - GOOD,$3.98
"Red Queen - Paperback By Aveyard, Victoria - GOOD",$3.76
Jefferson Daniel P Ivermectin Is It Safe BOOK NEW,$39.95
The Hundred Years' War On Palestine: A History Of Settler Colonialism And R...,$17.22
"Positive Vibes for Sale - Boost Happiness, Increase Wealth, Love and Spirit",$0.99
"The Harry Potter Wizarding Almanac: Official Magical Companion (2023, Hardcover)",$25.99
"The Cat in the Hat - Hardcover By Seuss, Dr. - GOOD",$3.66
HIP-HOP: A CULTURAL ODYSSEY Leather Bound Hardcover Huge Book 1st Edition,$50.00
Killing the Witches by Bill O'Reilly 2023,$5.00
I Spy Spooky Night: A Book of Picture Riddles - Hardcover - GOOD,$3.98
"The Nightingale: A Novel - Paperback By Hannah, Kristin - GOOD",$5.61
"Brisingr (Inheritance, Book 3) (The Inheritance Cycle) - Hardcover - GOOD",$4.25
"Elon Musk, english Paperback by Isaacson, Walter, Brand New,",$14.72
National Geographic Kids Everything Rocks and Minerals: Dazzling gems of - GOOD,$3.97
Iron Flame Special Edition Book Rebecca Yarros,$30.00
Skipping Christmas: A Novel - Hardcover By John Grisham - GOOD,$3.73
**Paperback** Fast Like a Girl: A Woman's Guide to Using the Healing Power,$12.14
"Pajama Time! (Boynton on Board) - Board book By Boynton, Sandra - GOOD",$3.80
ALL NEW ** Tuttle Twins Series complete 13 book Set,$97.99
The Holistic Guide to Wellness (paperback with color pictures),$37.00
"How to Stop Worrying and Start Living by Carnegie, Dale",$4.58
The 5 Love Languages: The Secret to Love that Lasts - Paperback - GOOD,$4.41
"Catching Fire (The Hunger Games) - Hardcover By Collins, Suzanne - GOOD",$4.57
"Friends, Lovers, and the Big Terrible Thing: A Memoir HARDCOVER, 2022 by Matt...",$24.99
Classic Tales of Christmas (Leather-bound Classics),$19.85
Classic Tales of Christmas (Leather-bound Classics),$19.85
usa st.Trading in the Zone & The Disciplined Trader (PAPERBACK) by Mark Douglas.,$16.10
Lot of 20 Mystery Thriller Fiction Paperbacks Popular Author Books MIX UNSORTED,$21.99
usa stock (Big) The Art Of Seduction by Robert Greene free and fast shipping,$11.92
Peterson Field Guide to Medicinal Plants and Herbs Steven Foster,$17.80
"The Lost Apothecary: A Novel - Hardcover By Penner, Sarah - GOOD",$5.57
"The Screwtape Letters - Paperback By Lewis, C. S. - GOOD",$6.99
To Kill a Mockingbird - Mass Market Paperback By Harper Lee - GOOD,$4.08
Fahrenheit 451 - Paperback By Ray Bradbury - GOOD,$4.92
"Boundaries: When to Say Yes, How to Say No to Take Control of Your Life",$4.99
The Catcher in the Rye - Mass Market Paperback By J.D. Salinger - GOOD,$3.98
Alan Turing: The Enigma: The Book That Inspired the Film The Imitatio - GOOD,$3.97
Money Master the Game: 7 Simple Steps to Financial Freedom by Tony Robbins,$5.04
USA STOCK 2 BOOK IN SET THINK & TRADE LIKE A CHAMPION AND STOCK MARKET WIZARD,$20.75
"Unwoke : How to Defeat Cultural Marxism in America, Hardcover by Cruz, Ted, B...",$26.00
Fast Like a Girl A Woman's Guide to Using the Healing Power USA STOCK Free Ship,$12.49
I Spy Ultimate Challenger: A Book of Picture Riddles - Hardcover - GOOD,$3.84
"Rich Dad, Poor Dad: What the Rich Teach Their Kids About Money--That the - GOOD",$4.46
The Five Dysfunctions of a Team: A Leadership Fable by Patrick Lencioni,$4.58
"Quiet: The Power of Introverts in a World That Can't Stop Talking by Cain, Susan",$5.72
The Power of Now: A Guide to Spiritual Enlightenment - Paperback - GOOD,$4.15
"The Battle of the Labyrinth (Percy Jackson and the Olympians, Book 4) - GOOD",$3.98
How Not to Die by Michael Greger MD 2015,$5.00
The Hidden Kingdom (Wings of Fire Graphic Novel #3): A Graphix Book - GOOD,$5.26
"The Giver (21st Century Reference) - Paperback By Lowry, Lois - GOOD",$3.82
"The Prince by Machiavelli, Niccolo",$4.95
The Glucose Goddess Method by Jessie Inchauspe,$5.00
"Snowmen at Christmas - Board book By Buehner, Caralyn - GOOD",$3.73
usa stock The Covenant of Water by Abraham Verghese 2023 Paperback NEW,$15.63
"Thank You, Falettinme Be Mice Elf Agin : A Memoir, Hardcover by Stone, Sly; G...",$18.99
DMV cheat sheets,$1.99
Поллианна Портер Kids Book in Russian,$18.95
"Dog Man #8 - Hardcover By Pilkey, Dav - GOOD",$4.32
No Brainer (Diary of a Wimpy Kid Book 18) - Hardcover,$12.44
None of This Is True by Lisa Jewell,$5.00
Warriors #4: Rising Storm (Warriors: The Prophecies Begin) - Paperback - GOOD,$3.93
"Malibu Rising: A Novel - Hardcover By Reid, Taylor Jenkins - GOOD",$3.98
"Boundaries: When to Say Yes, How to Say No to Take Control of Your Life - GOOD",$3.98
How to Talk to Anyone & Stop Overthinking:2book set related to your mind control,$17.96
Lot of 10 Mystery Suspense Thriller Crime Murder Detective Hardcover HB MIX Book,$24.99
"The Orphan's Tale: A Novel - Paperback By Jenoff, Pam - GOOD",$3.66
The People's Pharmacy Guide to Home and Herbal Remedies - Hardcover - GOOD,$4.07
"What to Expect When You're Expecting - Paperback By Murkoff, Heidi - GOOD",$3.82
Tower of Dawn by Sarah J. Maas (English) Paperback Book,$21.79
"Foxe's Book of Martyrs - Mass Market Paperback By Foxe, John - GOOD",$4.48
A Discovery of Witches (All Souls Trilogy) - Paperback - GOOD,$3.98
Hatchet by Gary Paulsen,$4.58
"Matthew Perry Friends, Lovers, and the Big Terrible Thing: A Memoir",$28.80
Cat Kid Comic Club: From the Creator of Dog Man - Hardcover - GOOD,$4.46
Iron Flame By Rebecca Yarros US First Printing Sprayed Edges LIMITED EDITION,$34.99
What the Buddha Taught,$0.99
Fast Like a Girl by Mindy Pelz 2022,$5.00
Gravity Falls Pining Away (Gravity Falls Chapter Book) - Paperback - GOOD,$3.76
The Artist's Way: A Spiritual Path to Higher Creativity - Paperback - GOOD,$4.54
"Mary, Mary - Hardcover By James Patterson - GOOD",$3.66
"The Sermon on the Mount: The Key to Success in Life by Fox, Emmet",$5.29
Room for a Little One: A Christmas Tale - Board book By Martin Waddell - GOOD,$4.31
Potty Time with Elmo (Liittle Sound Book) - Hardcover - GOOD,$3.80
Rand McNally 2024 Road Atlas - 100th Anniversary Collector's Edition,$13.00
